<?xml version="1.0" ?>
<root>
	Glucose level threshold number: 1 | Meal threshold number: 2
	<child>559-ws-trainingCleaned.xml : Glucose level data amount: 5022 / 10796</child>
	<child>563-ws-trainingCleaned.xml : Glucose level data amount: 7887 / 12124</child>
	<child>570-ws-trainingCleaned.xml : Glucose level data amount: 7056 / 10982</child>
	<child>575-ws-trainingCleaned.xml : Glucose level data amount: 576 / 11866</child>
	<child>588-ws-trainingCleaned.xml : Glucose level data amount: 10965 / 12640</child>
	<child>591-ws-trainingCleaned.xml : Glucose level data amount: 5887 / 10847</child>
	<child>540-ws-trainingCleaned.xml : Glucose level data amount: 2656 / 11947</child>
	<child>544-ws-trainingCleaned.xml : Glucose level data amount: 6821 / 10623</child>
	<child>552-ws-trainingCleaned.xml : Glucose level data amount: 1231 / 9080</child>
	<child>567-ws-trainingCleaned.xml : Glucose level data amount: 0 / 10858</child>
	<child>596-ws-trainingCleaned.xml : Glucose level data amount: 7826 / 10877</child>
	<child>559-ws-testingCleaned.xml : Glucose level data amount: 232 / 2514</child>
	<child>563-ws-testingCleaned.xml : Glucose level data amount: 2285 / 2570</child>
	<child>570-ws-testingCleaned.xml : Glucose level data amount: 288 / 2745</child>
	<child>575-ws-testingCleaned.xml : Glucose level data amount: 702 / 2590</child>
	<child>588-ws-testingCleaned.xml : Glucose level data amount: 2304 / 2791</child>
	<child>591-ws-testingCleaned.xml : Glucose level data amount: 2271 / 2760</child>
	<child>540-ws-testingCleaned.xml : Glucose level data amount: 576 / 2896</child>
	<child>544-ws-testingCleaned.xml : Glucose level data amount: 1671 / 2716</child>
	<child>552-ws-testingCleaned.xml : Glucose level data amount: 388 / 2364</child>
	<child>567-ws-testingCleaned.xml : Glucose level data amount: 0 / 2389</child>
	<child>584-ws-testingCleaned.xml : Glucose level data amount: 288 / 2665</child>
	<child>596-ws-testingCleaned.xml : Glucose level data amount: 1440 / 2743</child>
</root>
