<?xml version="1.0" ?>
<root>
	Glucose level threshold number: 20 | Meal threshold number: 3
	<child>559-ws-trainingCleaned.xml : Glucose level data amount: 6248 / 10796</child>
	<child>563-ws-trainingCleaned.xml : Glucose level data amount: 7335 / 12124</child>
	<child>570-ws-trainingCleaned.xml : Glucose level data amount: 7872 / 10982</child>
	<child>575-ws-trainingCleaned.xml : Glucose level data amount: 9191 / 11866</child>
	<child>588-ws-trainingCleaned.xml : Glucose level data amount: 11215 / 12640</child>
	<child>591-ws-trainingCleaned.xml : Glucose level data amount: 8980 / 10847</child>
	<child>540-ws-trainingCleaned.xml : Glucose level data amount: 3764 / 11947</child>
	<child>544-ws-trainingCleaned.xml : Glucose level data amount: 7743 / 10623</child>
	<child>552-ws-trainingCleaned.xml : Glucose level data amount: 2618 / 9080</child>
	<child>567-ws-trainingCleaned.xml : Glucose level data amount: 554 / 10858</child>
	<child>596-ws-trainingCleaned.xml : Glucose level data amount: 9107 / 10877</child>
	<child>559-ws-testingCleaned.xml : Glucose level data amount: 1341 / 2514</child>
	<child>563-ws-testingCleaned.xml : Glucose level data amount: 1808 / 2570</child>
	<child>570-ws-testingCleaned.xml : Glucose level data amount: 1418 / 2745</child>
	<child>575-ws-testingCleaned.xml : Glucose level data amount: 1975 / 2590</child>
	<child>588-ws-testingCleaned.xml : Glucose level data amount: 2016 / 2791</child>
	<child>591-ws-testingCleaned.xml : Glucose level data amount: 2271 / 2760</child>
	<child>540-ws-testingCleaned.xml : Glucose level data amount: 1689 / 2896</child>
	<child>544-ws-testingCleaned.xml : Glucose level data amount: 2240 / 2716</child>
	<child>552-ws-testingCleaned.xml : Glucose level data amount: 541 / 2364</child>
	<child>567-ws-testingCleaned.xml : Glucose level data amount: 0 / 2389</child>
	<child>584-ws-testingCleaned.xml : Glucose level data amount: 772 / 2665</child>
	<child>596-ws-testingCleaned.xml : Glucose level data amount: 1998 / 2743</child>
</root>
