<?xml version="1.0" ?>
<root>
	Glucose level threshold number: 10 | Meal threshold number: 10
	<child>559-ws-trainingCleaned.xml : Glucose level data amount: 0 / 10796</child>
	<child>563-ws-trainingCleaned.xml : Glucose level data amount: 0 / 12124</child>
	<child>570-ws-trainingCleaned.xml : Glucose level data amount: 0 / 10982</child>
	<child>575-ws-trainingCleaned.xml : Glucose level data amount: 0 / 11866</child>
	<child>588-ws-trainingCleaned.xml : Glucose level data amount: 0 / 12640</child>
	<child>591-ws-trainingCleaned.xml : Glucose level data amount: 0 / 10847</child>
	<child>540-ws-trainingCleaned.xml : Glucose level data amount: 0 / 11947</child>
	<child>544-ws-trainingCleaned.xml : Glucose level data amount: 0 / 10623</child>
	<child>552-ws-trainingCleaned.xml : Glucose level data amount: 0 / 9080</child>
	<child>567-ws-trainingCleaned.xml : Glucose level data amount: 0 / 10858</child>
	<child>596-ws-trainingCleaned.xml : Glucose level data amount: 0 / 10877</child>
	<child>559-ws-testingCleaned.xml : Glucose level data amount: 0 / 2514</child>
	<child>563-ws-testingCleaned.xml : Glucose level data amount: 0 / 2570</child>
	<child>570-ws-testingCleaned.xml : Glucose level data amount: 0 / 2745</child>
	<child>575-ws-testingCleaned.xml : Glucose level data amount: 0 / 2590</child>
	<child>588-ws-testingCleaned.xml : Glucose level data amount: 0 / 2791</child>
	<child>591-ws-testingCleaned.xml : Glucose level data amount: 0 / 2760</child>
	<child>540-ws-testingCleaned.xml : Glucose level data amount: 0 / 2896</child>
	<child>544-ws-testingCleaned.xml : Glucose level data amount: 0 / 2716</child>
	<child>552-ws-testingCleaned.xml : Glucose level data amount: 0 / 2364</child>
	<child>567-ws-testingCleaned.xml : Glucose level data amount: 0 / 2389</child>
	<child>584-ws-testingCleaned.xml : Glucose level data amount: 0 / 2665</child>
	<child>596-ws-testingCleaned.xml : Glucose level data amount: 0 / 2743</child>
</root>
