<?xml version="1.0" ?>
<root>
	Glucose window size: 70 
	<child>559-ws-trainingCleaned.xml : Glucose level data amount: 152 </child>
	<child>563-ws-trainingCleaned.xml : Glucose level data amount: 172 </child>
	<child>570-ws-trainingCleaned.xml : Glucose level data amount: 156 </child>
	<child>575-ws-trainingCleaned.xml : Glucose level data amount: 168 </child>
	<child>588-ws-trainingCleaned.xml : Glucose level data amount: 180 </child>
	<child>591-ws-trainingCleaned.xml : Glucose level data amount: 154 </child>
	<child>540-ws-trainingCleaned.xml : Glucose level data amount: 159 </child>
	<child>544-ws-trainingCleaned.xml : Glucose level data amount: 151 </child>
	<child>552-ws-trainingCleaned.xml : Glucose level data amount: 111 </child>
	<child>567-ws-trainingCleaned.xml : Glucose level data amount: 145 </child>
	<child>596-ws-trainingCleaned.xml : Glucose level data amount: 154 </child>
	<child>559-ws-testingCleaned.xml : Glucose level data amount: 35 </child>
	<child>563-ws-testingCleaned.xml : Glucose level data amount: 36 </child>
	<child>570-ws-testingCleaned.xml : Glucose level data amount: 39 </child>
	<child>575-ws-testingCleaned.xml : Glucose level data amount: 36 </child>
	<child>588-ws-testingCleaned.xml : Glucose level data amount: 39 </child>
	<child>591-ws-testingCleaned.xml : Glucose level data amount: 39 </child>
	<child>540-ws-testingCleaned.xml : Glucose level data amount: 37 </child>
	<child>544-ws-testingCleaned.xml : Glucose level data amount: 38 </child>
	<child>552-ws-testingCleaned.xml : Glucose level data amount: 28 </child>
	<child>567-ws-testingCleaned.xml : Glucose level data amount: 32 </child>
	<child>584-ws-testingCleaned.xml : Glucose level data amount: 37 </child>
	<child>596-ws-testingCleaned.xml : Glucose level data amount: 39 </child>
</root>
